{
  "clip": {
    "frequencies": [
      340,
      28.4376163482666,
      90.11180877685547,
      244.50924682617188,
      396.41357421875,
      860.8272705078125,
      1428.4703369140625,
      2754.427001953125,
      5229.11767578125,
      10240,
      20000
    ],
    "gains": [
      5,
      5.415625095367432,
      6.615624904632568,
      3.815624952316284,
      9.215624809265137,
      2.015625,
      3.015625,
      1.415624976158142,
      3.6156249046325684,
      0,
      0
    ],
    "qs": [
      0.707099974155426,
      0.707099974155426,
      0.707099974155426,
      0.707099974155426,
      0.707099974155426,
      0.707099974155426,
      0.707099974155426,
      0.707099974155426,
      0.707099974155426,
      0.707099974155426,
      0.707099974155426
    ]
  },
  "metel": {
    "frequencies": [
      340,
      64.80792236328125,
      87.75919342041016,
      254.7115478515625,
      396.41357421875,
      860.8272705078125,
      1428.4703369140625,
      2754.427001953125,
      5535.35400390625,
      10952.220703125,
      20000
    ],
    "gains": [
      5,
      29.215625762939453,
      7.615624904632568,
      8.015625,
      9.215624809265137,
      2.015625,
      3.015625,
      1.415624976158142,
      8.615625381469727,
      29.815624237060547,
      0
    ],
    "qs": [
      0.707099974155426,
      0.707099974155426,
      0.707099974155426,
      0.707099974155426,
      0.707099974155426,
      0.707099974155426,
      0.707099974155426,
      0.707099974155426,
      0.707099974155426,
      0.707099974155426,
      0.707099974155426
    ]
  }
}